,0
0,100% Organic Cotton
1,100% Organic Cotton
2,100% Organic Cotton
3,"75% Cotton, 13% Recycled Polyester, 10% Recycled Cotton, 2% Other"
4,100% Organic Cotton
5,100% Organic Cotton
6,100% Organic Cotton
7,"75% Cotton, 13% Recycled Polyester, 10% Recycled Cotton, 2% Other"
8,100% Organic Cotton
9,100% Organic Cotton
10,100% Organic Cotton
11,"75% Cotton, 13% Recycled Polyester, 10% Recycled Cotton, 2% Other"
12,100% Organic Cotton
13,100% Organic Cotton
14,100% Organic Cotton
15,100% Organic Cotton
16,100% Organic Cotton
17,100% Organic Cotton
18,100% Organic Cotton
19,100% Organic Cotton
20,100% Organic Cotton
21,100% Organic Cotton
22,100% Organic Cotton
23,100% Organic Cotton
24,100% Organic Cotton
25,100% Organic Cotton
26,100% Organic Cotton
27,100% Organic Cotton
28,100% Organic Cotton
29,100% Organic Cotton
30,100% Organic Cotton
31,100% Organic Cotton
32,100% Organic Cotton
33,100% Organic Cotton
34,100% Organic Cotton
35,100% Organic Cotton
36,100% Organic Cotton
37,100% Organic Cotton
38,100% Organic Cotton
39,100% Organic Cotton
40,100% Organic Cotton
41,100% Organic Cotton
42,100% Organic Cotton
43,100% Organic Cotton
44,100% Organic Cotton
45,100% Organic Cotton
46,100% Organic Cotton
47,100% Organic Cotton
48,100% Organic Cotton
49,100% Organic Cotton
50,100% Organic Cotton
51,100% Organic Cotton
52,100% Organic Cotton
53,100% Organic Cotton
54,100% Organic Cotton
55,100% Organic Cotton
56,100% Organic Cotton
57,100% Organic Cotton
58,100% Organic Cotton
59,100% Organic Cotton
60,100% Organic Cotton
61,100% Organic Cotton
62,100% Organic Cotton
63,100% Organic Cotton
64,100% Organic Cotton
65,100% Organic Cotton
66,100% Organic Cotton
67,100% Organic Cotton
68,100% Organic Cotton
69,100% Organic Cotton
70,100% Organic Cotton
71,"95% Organic Cotton, 5% Spandex"
72,"95% Organic Cotton, 5% Spandex"
73,"95% Organic Cotton, 5% Spandex"
74,"95% Organic Cotton, 5% Spandex"
75,"95% Organic Cotton, 5% Spandex"
76,"95% Organic Cotton, 5% Spandex"
77,"82% Organic Cotton, 12% Hemp, 6% Recycled Cotton"
78,"82% Organic Cotton, 12% Hemp, 6% Recycled Cotton"
79,"82% Organic Cotton, 12% Hemp, 6% Recycled Cotton"
80,"82% Organic Cotton, 12% Hemp, 6% Recycled Cotton"
81,"82% Organic Cotton, 12% Hemp, 6% Recycled Cotton"
82,"75% Cotton, 13% Recycled Polyester, 10% Recycled Cotton, 2% Other"
83,100% Organic Cotton
84,100% Organic Cotton
85,100% Organic Cotton
86,100% Organic Cotton
87,100% Organic Cotton
88,100% Organic Cotton
89,100% Organic Cotton
90,100% Organic Cotton
91,"92% Organic Cotton, 8% Spandex"
92,"92% Organic Cotton, 8% Spandex"
93,"92% Organic Cotton, 8% Spandex"
94,"92% Organic Cotton, 8% Spandex"
95,"92% Organic Cotton, 8% Spandex"
96,"92% Organic Cotton, 8% Spandex"
97,"92% Organic Cotton, 8% Spandex"
98,"92% Organic Cotton, 8% Spandex"
99,"92% Organic Cotton, 8% Spandex"
100,"92% Organic Cotton, 8% Spandex"
101,"92% Organic Cotton, 8% Spandex"
102,"95% Organic Cotton, 5% Spandex"
103,"95% Organic Cotton, 5% Spandex"
104,"95% Organic Cotton, 5% Spandex"
105,"95% Organic Cotton, 5% Spandex"
106,100% Rayon
107,100% Rayon
108,100% Rayon
109,100% Rayon
110,100% Rayon
111,"50% Viscose Rayon, 50% Lenzing Ecovero"
112,"50% Viscose Rayon, 50% Lenzing Ecovero"
113,"97% Modal, 3% Spandex"
114,"97% Modal, 3% Spandex"
115,"97% Modal, 3% Spandex"
116,"97% Modal, 3% Spandex"
117,"97% Modal, 3% Spandex"
118,"Body: 85% Nylon, 15% Spandex."
119,"Lining: 92% Recycled Polyester, 8% Spandex."
120,"Body: 85% Nylon, 15% Spandex."
121,"Lining: 92% Recycled Polyester, 8% Spandex."
122,"Body: 85% Nylon, 15% Spandex."
123,"Lining: 92% Recycled Polyester, 8% Spandex."
124,"Body: 85% Nylon, 15% Spandex."
125,"Lining: 92% Recycled Polyester, 8% Spandex."
126,"Body: 85% Nylon, 15% Spandex."
127,"Lining: 92% Recycled Polyester, 8% Spandex."
128,"Body: 85% Nylon, 15% Spandex."
129,"Lining: 92% Recycled Polyester, 8% Spandex."
130,"Body: 85% Nylon, 15% Spandex."
131,"Lining: 92% Recycled Polyester, 8% Spandex."
132,"Body: 85% Nylon, 15% Spandex."
133,"Lining: 92% Recycled Polyester, 8% Spandex."
134,"Body: 85% Nylon, 15% Spandex."
135,"Lining: 92% Recycled Polyester, 8% Spandex."
136,"Body: 85% Nylon, 15% Spandex."
137,"Lining: 92% Recycled Polyester, 8% Spandex."
138,"Body: 85% Nylon, 15% Spandex."
139,"Lining: 92% Recycled Polyester, 8% Spandex."
140,"Body: 85% Nylon, 15% Spandex."
141,"Lining: 92% Recycled Polyester, 8% Spandex."
142,"Body: 85% Nylon, 15% Spandex."
143,"Lining: 92% Recycled Polyester, 8% Spandex."
144,"Body: 85% Nylon, 15% Spandex."
145,"Lining: 92% Recycled Polyester, 8% Spandex."
146,"Body: 85% Nylon, 15% Spandex."
147,"Lining: 92% Recycled Polyester, 8% Spandex."
148,"Body: 85% Nylon, 15% Spandex."
149,"Lining: 92% Recycled Polyester, 8% Spandex."
150,"Body: 85% Nylon, 15% Spandex."
151,"Lining: 92% Recycled Polyester, 8% Spandex."
152,"Body: 85% Nylon, 15% Spandex."
153,"Lining: 92% Recycled Polyester, 8% Spandex."
154,"Body: 85% Nylon, 15% Spandex."
155,"Lining: 92% Recycled Polyester, 8% Spandex."
156,"85% Nylon, 15% Spandex"
157,"85% Nylon, 15% Spandex"
158,"Body: 85% Nylon, 15% Spandex."
159,"Lining: 92% Recycled Polyester, 8% Spandex."
160,"Body: 85% Nylon, 15% Spandex."
161,"Lining: 92% Recycled Polyester, 8% Spandex."
162,"Body: 85% Nylon, 15% Spandex."
163,"Lining: 92% Recycled Polyester, 8% Spandex."
164,"Body: 85% Nylon, 15% Spandex."
165,"Lining: 92% Recycled Polyester, 8% Spandex."
166,"Body: 85% Nylon, 15% Spandex."
167,"Lining: 92% Recycled Polyester, 8% Spandex."
168,"Body: 85% Nylon, 15% Spandex."
169,"Lining: 92% Recycled Polyester, 8% Spandex."
170,"Body: 85% Nylon, 15% Spandex."
171,"Lining: 92% Recycled Polyester, 8% Spandex."
172,"Body: 85% Nylon, 15% Spandex."
173,"Lining: 92% Recycled Polyester, 8% Spandex."
174,"Body: 85% Nylon, 15% Spandex."
175,"Lining: 92% Recycled Polyester, 8% Spandex."
176,"Body: 85% Nylon, 15% Spandex."
177,"Lining: 92% Recycled Polyester, 8% Spandex."
178,"Body: 85% Nylon, 15% Spandex."
179,"Lining: 92% Recycled Polyester, 8% Spandex."
180,"Body: 85% Nylon, 15% Spandex."
181,"Lining: 92% Recycled Polyester, 8% Spandex."
182,"Body: 85% Nylon, 15% Spandex."
183,"Lining: 92% Recycled Polyester, 8% Spandex."
184,"Body: 85% Nylon, 15% Spandex."
185,"Lining: 92% Recycled Polyester, 8% Spandex."
186,"Body: 85% Nylon, 15% Spandex."
187,"Lining: 92% Recycled Polyester, 8% Spandex."
188,"Body: 85% Nylon, 15% Spandex."
189,"Lining: 92% Recycled Polyester, 8% Spandex."
190,"Body: 85% Nylon, 15% Spandex."
191,"Lining: 92% Recycled Polyester, 8% Spandex."
192,"Body: 85% Nylon, 15% Spandex."
193,"Lining: 92% Recycled Polyester, 8% Spandex."
194,"Body: 85% Nylon, 15% Spandex."
195,"Lining: 92% Recycled Polyester, 8% Spandex."
196,"Body: 85% Nylon, 15% Spandex."
197,"Lining: 92% Recycled Polyester, 8% Spandex."
198,"Body: 85% Nylon, 15% Spandex."
199,"Lining: 92% Recycled Polyester, 8% Spandex."
200,"Body: 85% Nylon, 15% Spandex."
201,"Lining: 92% Recycled Polyester, 8% Spandex."
202,"Body: 85% Nylon, 15% Spandex."
203,"Lining: 92% Recycled Polyester, 8% Spandex."
204,"Body: 85% Nylon, 15% Spandex."
205,"Lining: 92% Recycled Polyester, 8% Spandex."
206,"Body: 85% Nylon, 15% Spandex."
207,"Lining: 92% Recycled Polyester, 8% Spandex."
208,"Body: 85% Nylon, 15% Spandex."
209,"Lining: 92% Recycled Polyester, 8% Spandex."
210,"Body: 85% Nylon, 15% Spandex."
211,"Lining: 92% Recycled Polyester, 8% Spandex."
212,"Body: 85% Nylon, 15% Spandex."
213,"Lining: 92% Recycled Polyester, 8% Spandex."
214,"Body: 85% Nylon, 15% Spandex."
215,"Lining: 92% Recycled Polyester, 8% Spandex."
216,"Body: 85% Nylon, 15% Spandex."
217,"Lining: 92% Recycled Polyester, 8% Spandex."
218,"Body: 85% Nylon, 15% Spandex."
219,"Lining: 92% Recycled Polyester, 8% Spandex."
220,"Body: 85% Nylon, 15% Spandex."
221,"Lining: 92% Recycled Polyester, 8% Spandex."
222,"Body: 85% Nylon, 15% Spandex."
223,"Lining: 92% Recycled Polyester, 8% Spandex."
224,"Body: 85% Nylon, 15% Spandex."
225,"Lining: 92% Recycled Polyester, 8% Spandex."
226,"Body: 85% Nylon, 15% Spandex."
227,"Lining: 92% Recycled Polyester, 8% Spandex."
228,"Body: 85% Nylon, 15% Spandex."
229,"Lining: 92% Recycled Polyester, 8% Spandex."
230,Upper: 100% Plastic PVC.
231,Upper: 100% Plastic PVC.
232,Upper: 100% Plastic PVC.
233,Upper: 100% Plastic PVC.
234,Upper: 100% Plastic PVC.
235,Upper: 100% Plastic PVC.
236,100% Recycled Polyester
237,100% Recycled Polyester
238,100% Recycled Polyester
239,"88% Recycled Polyester, 12% Spandex"
240,"86% Recycled Polyester, 14% Spandex"
241,"86% Recycled Polyester, 14% Spandex"
242,"86% Recycled Polyester, 14% Spandex"
243,"86% Recycled Polyester, 14% Spandex"
244,"86% Recycled Polyester, 14% Spandex"
245,"86% Recycled Polyester, 14% Spandex"
246,"86% Recycled Polyester, 14% Spandex"
247,"86% Recycled Polyester, 14% Spandex"
248,"86% Recycled Polyester, 14% Spandex"
249,"86% Recycled Polyester, 14% Spandex"
250,"86% Recycled Polyester, 14% Spandex"
251,"86% Recycled Polyester, 14% Spandex"
252,"86% Recycled Polyester, 14% Spandex"
253,"88% Polyester, 12% Spandex"
254,"88% Polyester, 12% Spandex"
255,"88% Polyester, 12% Spandex"
256,"88% Polyester, 12% Spandex"
257,"88% Polyester, 12% Spandex"
258,"88% Polyester, 12% Spandex"
259,"88% Polyester, 12% Spandex"
260,"88% Polyester, 12% Spandex"
261,"88% Polyester, 12% Spandex"
262,"88% Polyester, 12% Spandex"
263,"86% Polyester, 14% Spandex"
264,"86% Polyester, 14% Spandex"
265,"86% Polyester, 14% Spandex"
266,"86% Polyester, 14% Spandex"
267,"86% Polyester, 14% Spandex"
268,"86% Polyester, 14% Spandex"
269,"86% Polyester, 14% Spandex"
270,"86% Polyester, 14% Spandex"
271,"89% Lenzing Modal, 11% Spandex"
272,"89% Lenzing Modal, 11% Spandex"
273,"89% Lenzing Modal, 11% Spandex"
274,"89% Lenzing Modal, 11% Spandex"
275,"89% Lenzing Modal, 11% Spandex"
276,"89% Lenzing Modal, 11% Spandex"
277,"95% Modal, 5% Spandex"
278,"95% Modal, 5% Spandex"
279,"93% Lenzing Modal, 7% Spandex"
280,"89% Lenzing Modal, 11% Spandex"
281,"89% Lenzing Modal, 11% Spandex"
282,"89% Lenzing Modal, 11% Spandex"
283,"89% Lenzing Modal, 11% Spandex"
284,"89% Modal, 11% Spandex"
285,"89% Modal, 11% Spandex"
286,"89% Modal, 11% Spandex"
287,"89% Modal, 11% Spandex"
288,"89% Modal, 11% Spandex"
289,"89% Lenzing Modal, 11% Spandex"
290,"89% Lenzing Modal, 11% Spandex"
291,"89% Lenzing Modal, 11% Spandex"
292,"89% Lenzing Modal, 11% Spandex"
293,"89% Lenzing Modal, 11% Spandex"
294,"89% Lenzing Modal, 11% Spandex"
295,"89% Modal, 11% Spandex"
296,"89% Modal, 11% Spandex"
297,"89% Lenzing Modal, 11% Spandex"
298,"89% Lenzing Modal, 11% Spandex"
299,"89% Lenzing Modal, 11% Spandex"
300,"89% Lenzing Modal, 11% Spandex"
301,"89% Lenzing Modal, 11% Spandex"
302,"89% Lenzing Modal, 11% Spandex"
303,"89% Lenzing Modal, 11% Spandex"
304,"89% Lenzing Modal, 11% Spandex"
305,"89% Lenzing Modal, 11% Spandex"
306,"89% Lenzing Modal, 11% Spandex"
307,"89% Lenzing Modal, 11% Spandex"
308,"86% Polyester, 14% Spandex"
309,"55% Linen, 45% Cotton"
310,"55% Linen, 45% Cotton"
311,"55% Linen, 45% Cotton"
312,"82% Cotton, 18% Tencel™"
313,"82% Cotton, 18% Tencel™"
314,"82% Cotton, 18% Tencel™"
315,"55% Linen, 45% Cotton"
316,100% Cotton
317,"99% Cotton, 1% Spandex"
318,"99% Cotton, 1% Spandex"
319,"99% Cotton, 1% Elastane"
320,"99% Cotton, 1% Spandex"
321,"99% Cotton, 1% Spandex"
322,"99% Cotton, 1% Spandex"
323,"99% Cotton, 1% Elastane"
324,"97% Cotton, 3% Elastane"
325,"97% Cotton, 3% Elastane"
326,"97% Cotton, 3% Elastane"
327,"97% Cotton, 3% Elastane"
328,"97% Cotton, 3% Elastane"
329,"94% Cotton, 5% Recycled Cotton, 1% Elastane"
330,"99% Cotton, 1% Spandex"
331,"99% Cotton, 1% Elastane"
332,100% Cotton
333,100% Cotton
334,"94% Cotton, 5% Recycled Cotton, 1% Elastane"
335,"99% Cotton, 1% Elastane"
336,"94% Cotton, 5% Recycled Cotton, 1% Elastane"
337,"55% Linen, 45% Cotton"
338,"55% Linen, 45% Cotton"
339,"55% Linen, 45% Cotton"
340,"55% Linen, 45% Cotton"
341,"55% Linen, 45% Cotton"
342,"55% Linen, 45% Cotton"
343,"55% Linen, 45% Cotton"
344,"70% Cotton, 29% Hemp, 1% Spandex"
345,"70% Cotton, 29% Hemp, 1% Spandex"
346,"70% Cotton, 29% Hemp, 1% Spandex"
347,"71% Cotton, 27% Hemp, 2% Spandex"
348,"71% Cotton, 27% Hemp, 2% Spandex"
349,"70% Cotton, 29% Hemp, 1% Spandex"
350,"94% Cotton, 5% Recycled Cotton, 1% Elastane"
351,"94% Cotton, 5% Recycled Cotton, 1% Elastane"
352,"99% Cotton, 1% Spandex"
353,"94% Cotton, 5% Recycled Cotton, 1% Elastane"
354,"75% Cotton, 13% Recycled Polyester, 10% Recycled Cotton, 2% Other"
355,"99% Cotton, 1% Spandex"
356,"94% Cotton, 5% Recycled Cotton, 1% Elastane"
357,"94% Cotton, 5% Recycled Cotton, 1% Elastane"
358,"94% Cotton, 5% Recycled Cotton, 1% Elastane"
359,"94% Cotton, 5% Recycled Cotton, 1% Elastane"
360,"99% Cotton, 1% Elastane"
361,"99% Cotton, 1% Elastane"
362,"84% Cotton, 11% Tencel™, 5% Recycled Cotton"
363,"99% Cotton, 1% Spandex"
364,"84% Cotton, 11% Tencel™, 5% Recycled Cotton"
365,"97% Cotton, 3% Elastane"
366,"97% Cotton, 3% Elastane"
367,"97% Cotton, 3% Elastane"
368,"97% Cotton, 3% Elastane"
369,"97% Cotton, 3% Elastane"
370,"72% Cotton, 18% Tencel™"
371,"72% Cotton, 18% Tencel™"
372,"72% Cotton, 18% Tencel™"
373,"72% Cotton, 18% Tencel™"
374,"72% Cotton, 18% Tencel™"
375,"72% Cotton, 18% Tencel™"
376,"55% Linen, 45% Cotton"
377,"55% Linen, 45% Cotton"
378,"55% Linen, 45% Cotton"
379,100% Cotton
380,"99% Cotton, 1% Elastane"
381,"95% Cotton, 5% Recycled Cotton"
382,"67% Cotton, 33% Hemp"
383,100% Cotton
384,100% Cotton
385,100% Cotton
386,100% Cotton
387,100% Cotton
388,100% Cotton
389,"70% Cotton, 16% Lyocell, 12% Recycled Cotton, 2% Lycra%#174"
390,100% Cotton
391,"71% Cotton, 29% Modal"
392,100% Cotton
393,"95% Cotton, 5% Recycled Cotton"
394,"99% Cotton, 1% Spandex"
395,"94% Cotton, 5% Recycled Cotton, 1% Elastane"
396,"94% Cotton, 5% Recycled Cotton, 1% Elastane"
397,"99% Cotton, 1% Elastane"
398,"94% Cotton, 5% Recycled Cotton, 1% Elastane"
399,"81% Cotton, 13% Recycled Cotton, 4% Elasterrell, 2% Elastane"
400,"99% Cotton, 1% Spandex"
401,"99% Cotton, 1% Spandex"
402,"99% Cotton, 1% Spandex"
403,"99% Cotton, 1% Spandex"
404,"56% Cotton, 42% Tencel™, 2% Spandex"
405,"55% Linen, 45% Cotton"
406,"55% Linen, 45% Cotton"
407,"55% Linen, 45% Cotton"
408,"55% Linen, 45% Cotton"
409,"93% Cotton, 5% Polyester, 2% Spandex"
410,"93% Cotton, 5% Polyester, 2% Elastane"
411,"82% Cotton, 18% Tencel™"
412,"70% Cotton, 29% Hemp, 1% Spandex"
413,"70% Cotton, 29% Hemp, 1% Spandex"
414,"70% Cotton, 29% Hemp, 1% Spandex"
415,100% Cotton
416,"83% Cotton, 17% Hemp"
417,"82% Cotton, 18% Tencel™"
418,"82% Cotton, 18% Tencel™"
419,"94% Cotton, 5% Recycled Cotton, 1% Elastane"
420,"94% Cotton, 5% Recycled Cotton, 1% Elastane"
421,"94% Cotton, 5% Recycled Cotton, 1% Elastane"
422,"94% Cotton, 5% Polyester, 1% Spandex"
423,"81% Cotton, 13% Recycled Cotton, 4% Elasterrell, 2% Elastane"
424,"81% Cotton, 13% Recycled Cotton, 4% Elasterrell, 2% Elastane"
425,"81% Cotton, 13% Recycled Cotton, 4% Elasterrell, 2% Elastane"
426,"81% Cotton, 13% Recycled Cotton, 4% Elasterrell, 2% Elastane"
427,"80% Cotton, 14% Recycled Cotton, 4% Polyester, 2% Elastane"
428,"81% Cotton, 13% Recycled Cotton, 4% Elasterrell, 2% Elastane"
429,"81% Cotton, 13% Recycled Cotton, 4% Elasterrell, 2% Elastane"
430,"94% Cotton, 4% Elasterrell, 2% Lycra®"
431,"81% Cotton, 13% Recycled Cotton, 4% Elasterrell, 2% Elastane"
432,"75% Cotton, 13% Recycled Polyester, 10% Recycled Cotton, 2% Other"
433,"81% Cotton, 13% Recycled Cotton, 4% Elasterrell, 2% Elastane"
434,"94% Cotton, 5% Recycled Cotton, 1% Elastane"
435,"63% Cotton, 21% Polyester, 9% Rayon, 5% Recycled Cotton, 2% Spandex"
436,"91% Cotton, 7% Elasterrell, 2% Lycra%#174"
437,"87% Cotton, 6% Recycled Polyester, 5% Recycled Cotton, 2% Elastane"
438,"74% Cotton, 15% Polyester, 10% Viscose Rayon, 1% Spandex"
439,"74% Cotton, 15% Polyester, 10% Viscose Rayon, 1% Spandex"
440,"74% Cotton, 15% Polyester, 10% Viscose Rayon, 1% Spandex"
441,"88% Cotton, 12% Recycled Cotton"
442,"88% Cotton, 12% Recycled Cotton"
443,"75% Cotton, 24% Polyester, 1% Spandex"
444,"75% Cotton, 24% Polyester, 1% Spandex"
445,"71% Cotton, 29% Modal"
446,"84% Cotton, 11% Tencel™, 5% Recycled Cotton"
447,"99% Cotton, 1% Elastane"
448,"94% Cotton, 5% Recycled Cotton, 1% Spandex"
449,"87% Cotton, 12% Polyester, 1% Elastane"
450,"87% Cotton, 12% Polyester, 1% Elastane"
451,"87% Cotton, 12% Polyester, 1% Elastane"
452,"87% Cotton, 12% Polyester, 1% Elastane"
453,"80% Cotton, 13% Polyester, 5% Recycled Cotton, 2% Elastane"
454,"94% Cotton, 5% Recycled Cotton, 1% Elastane"
455,"78% Cotton, 13% Polyester, 7% Recycled Cotton, 2% Elastane"
456,"87% Cotton, 6% Recycled Polyester, 6% Recycled Cotton, 1% Elastane"
457,"89% Cotton, 5% Recycled Cotton, 5% Recycled Polyester, 1% Elastane"
458,"99% Cotton, 1% Elastane"
459,"94% Cotton, 5% Recycled Cotton, 1% Elastane"
460,"94% Cotton, 5% Recycled Cotton, 1% Elastane"
461,"89% Cotton, 5% Recycled Cotton, 5% Recycled Polyester, 1% Elastane"
462,"97% Cotton, 3% Polyurethane"
463,"97% Cotton, 3% Polyurethane"
464,"97% Cotton, 3% Polyurethane"
465,"97% Cotton, 3% Polyurethane"
466,"97% Cotton, 3% Polyurethane"
467,"97% Cotton, 3% Spandex"
468,"97% Cotton, 3% Spandex"
469,"97% Cotton, 3% Spandex"
470,"97% Cotton, 3% Spandex"
471,"97% Cotton, 3% Spandex"
472,"97% Cotton, 3% Spandex"
473,"97% Cotton, 3% Spandex"
474,"55% Linen, 45% Cotton"
475,"55% Linen, 45% Cotton"
476,"55% Linen, 45% Cotton"
477,"55% Linen, 45% Cotton"
478,"55% Linen, 45% Cotton"
479,"56% Cotton, 42% Tencel™, 2% Spandex"
480,"56% Cotton, 42% Tencel™, 2% Spandex"
481,"56% Cotton, 42% Tencel™, 2% Spandex"
482,"82% Cotton, 18% Tencel™"
483,"82% Cotton, 18% Tencel™"
484,"82% Cotton, 18% Tencel™"
485,"82% Cotton, 18% Tencel™"
486,"97% Cotton, 3% Elastane"
487,"97% Cotton, 3% Elastane"
488,"97% Cotton, 3% Elastane"
489,"72% Cotton, 18% Tencel™"
490,"72% Cotton, 18% Tencel™"
491,"72% Cotton, 18% Tencel™"
492,"72% Cotton, 18% Tencel™"
493,100% Cotton
494,"55% Linen, 45% Cotton"
495,"55% Linen, 45% Cotton"
496,"55% Linen, 45% Cotton"
497,"81% Cotton, 13% Recycled Cotton, 4% Elasterrell, 2% Elastane"
498,"98% Cotton, 2% Spandex"
499,"98% Cotton, 2% Spandex"
500,"82% Organic Cotton, 12% Hemp, 6% Recycled Cotton"
501,"82% Organic Cotton, 12% Hemp, 6% Recycled Cotton"
502,"82% Organic Cotton, 12% Hemp, 6% Recycled Cotton"
503,"82% Organic Cotton, 12% Hemp, 6% Recycled Cotton"
504,"82% Organic Cotton, 12% Hemp, 6% Recycled Cotton"
